"","logFC","AveExpr","t","P.Value","adj.P.Val","B"
"P02751",5.71190413653133,24.9654073529803,29.9127057693871,2.8861221374102e-08,4.92770256906986e-06,10.005121961393
"P26006",3.22575578432546,26.2735813142739,28.2698568658365,4.17153698220157e-08,4.92770256906986e-06,9.66871470910229
"P15941",-6.42874035013219,27.4091344615848,-28.1994782004877,4.23987224125309e-08,4.92770256906986e-06,9.65369944904529
"P17301",3.94950109445937,25.5639168424262,26.8594214720103,5.82281596045926e-08,4.92770256906986e-06,9.35766808617057
"P16104;Q8IUE6;Q96QV6",3.90977239816424,26.3629319720102,25.6484093518345,7.86309866365285e-08,4.92770256906986e-06,9.07254764413118
"P05362",2.64619644576887,26.6066458388066,24.3799943534745,1.09368992673239e-07,4.92770256906986e-06,8.75430047701328
"P21589",8.27713307469775,24.5536731284784,24.3351659371509,1.10685724175655e-07,4.92770256906986e-06,8.74266261687535
"P05556",3.05007125354915,27.7628191980702,24.3018549237048,1.11675978902433e-07,4.92770256906986e-06,8.73399693296049
"P09758",-2.47708855928567,25.9031079582807,-23.3054138860186,1.46601385267513e-07,5.25846049595386e-06,8.4675464918745
"P31947",-3.04804341087965,26.4283380551884,-23.248110711601,1.48964886570931e-07,5.25846049595386e-06,8.4517858383915
"O14745",-2.50019562632343,24.965694856828,-22.1598465889715,2.03363952160373e-07,6.06267033952038e-06,8.14290934560458
"P49006",3.90629476114521,25.361174331045,22.0789180399173,2.08250030098027e-07,6.06267033952038e-06,8.11918984983283
"P08670;P41219;P17661;P14136;Q16352;P07196;P07197;P12036",5.82226531423875,23.6540038285351,21.8431761962929,2.23271145648059e-07,6.06267033952038e-06,8.04948118674907
"P04792",-4.92515368353812,24.3168082635341,-21.521540766152,2.45820961009868e-07,6.19819994546309e-06,7.95287140065126
"P48960;Q9UHX3",3.76322657078783,24.492214997162,21.1875382092715,2.72058061557968e-07,6.40243304866418e-06,7.85066516807821
"P08648",2.13903065606427,24.0068720814223,20.7043181514966,3.15931583627888e-07,6.97024056379028e-06,7.69929264351137
"Q969X1",-2.18948245756648,24.5312098122788,-20.0265885878926,3.9191391274146e-07,8.13797712927856e-06,7.47969490233674
"Q5QNW6;Q16778;P06899;P23527;P33778;P57053;P58876;P62807;Q93079;Q99877;Q99879;O60814;Q99880;Q96A08;Q8N257;A0A2R8Y619;Q6DRA6;Q6DN03",3.72166208428576,27.6302867099676,19.6576942413895,4.42016898318685e-07,8.66844250591642e-06,7.35642141068437
"Q99816",-2.86047737813583,23.9535711369471,-18.9509772629553,5.60075857730757e-07,9.99454636505609e-06,7.1124829945232
"P11047",2.1503320550259,23.9982720237531,18.9187821757511,5.66263250144821e-07,9.99454636505609e-06,7.10111840366332
"Q9H5V8",2.8390361850687,24.2070114002845,17.9851117209002,7.85099256262906e-07,1.31971446409908e-05,6.76147626186152
"P05026",2.06850491126392,26.6592989717562,17.657192118784,8.84010897129034e-07,1.38614969086876e-05,6.63737313527318
"P29966",2.42455740991793,27.5204878816508,17.5985952465867,9.03157022379081e-07,1.38614969086876e-05,6.61492151570136
"P61769",2.26227011810693,26.207124214271,17.4634867310594,9.49147732703976e-07,1.39603812351877e-05,6.56283044891131
"P80723",2.0592256880703,26.6665692282887,17.1756107473587,1.05641643429495e-06,1.49166000522447e-05,6.45030890016639
"O00468",2.97574090601907,24.7918623832282,16.8928467334583,1.17556371284968e-06,1.59605381013822e-05,6.33770695014011
"Q96FQ6",-3.77891742672005,26.8403688452499,-16.3388746468143,1.45671326975349e-06,1.90451771934437e-05,6.11089477249211
"Q08380",2.54224420958469,27.7808357349938,16.13302955232,1.58034335507892e-06,1.99236144408164e-05,6.02444158695348
"P62987;P62979;P0CG47;P0CG48",-2.12600550544825,29.0323436089313,-16.0129210660133,1.65803553069582e-06,2.01822945632973e-05,5.97343535816019
"Q5JWF2;P63092;P38405",3.56773556671077,24.5406387640652,15.8822094725013,1.74761864698626e-06,2.05636460795383e-05,5.91744805764202
"P06756",2.30490813666285,24.1533621636693,15.6360131225012,1.93188929677193e-06,2.12981481389575e-05,5.81061679901761
"Q00610;P53675",1.73144016348886,26.5569430942746,15.6103699384209,1.95233501772276e-06,2.12981481389575e-05,5.79938439779942
"P62805",4.15574860143037,26.1081554976604,15.5299795953528,2.01806096378235e-06,2.12981481389575e-05,5.76404102043957
"O15230",2.9515834515405,24.5219849378627,15.49036758772,2.051379707435e-06,2.12981481389575e-05,5.7465526817681
"P16144",1.98351511288602,25.32568533429,15.2208832557653,2.29558313800725e-06,2.27031897382373e-05,5.62627899217305
"Q8NFJ5",-4.54309176581573,27.6954737750443,-15.2005352693996,2.31533946338964e-06,2.27031897382373e-05,5.61710435566084
"Q9P2B2",-2.29643131073722,25.0561967056404,-14.9522745196538,2.57280605150905e-06,2.45459604373701e-05,5.50409206726958
"O43633",-3.37608947437985,23.1742952259858,-14.6622248977255,2.91629211849039e-06,2.64269385343133e-05,5.36948500672982
"P04439;P01893",2.23075094092315,25.53841710893,14.6595548201024,2.91969009302612e-06,2.64269385343133e-05,5.3682327213101
"P21333",3.50923516439357,24.9801746418855,14.5609381807942,3.0484345277337e-06,2.67659987308114e-05,5.32181017632175
"Q9NX76",2.89042895342288,23.3570294767766,14.455720294565,3.19304049214016e-06,2.67659987308114e-05,5.27191076885368
"P23229",1.56154925940134,25.4602644428324,14.4107750544899,3.25720039169917e-06,2.67659987308114e-05,5.2504781578593
"P98160",2.11658801495104,25.1634642005983,14.4085275154952,3.26044743746428e-06,2.67659987308114e-05,5.24940453883413
"P31949",-1.62694157834119,28.359351717905,-14.206079012148,3.5687764945822e-06,2.86313205133526e-05,5.15196500890459
"O75351;Q6PIW4",-3.86613798365597,22.359785665591,-13.6726431801005,4.55515344547738e-06,3.5732648138967e-05,4.88806719525268
"Q13557;Q9UQM7;Q13555;Q13554",-1.7007404535443,21.5703226318108,-13.4608200593145,5.03119554966225e-06,3.86089571528429e-05,4.78028451832422
"Q16777;Q6FI13",2.81823866880454,27.8063485914993,13.3081751651365,5.4097391341004e-06,4.06305939220732e-05,4.70151936710735
"Q08431",2.35691253763335,26.9812787279547,13.069712415826,6.06845072964804e-06,4.46283980742866e-05,4.57658969062844
"P15311",-1.95355058500422,26.6516106223376,-12.9365803858016,6.47603345113485e-06,4.66538736377674e-05,4.50582110467069
"Q99536",1.30872998477481,25.3219722230969,12.6270190466395,7.55118774086587e-06,5.3311385450513e-05,4.33835413023919
"P12814;P35609;Q08043",1.22577001445928,24.586913012894,12.0629916540444,1.00823333703048e-05,6.88421896508765e-05,4.02226483757814
"P20020",4.04778693477014,22.9442991660502,12.0519030748533,1.01410590987127e-05,6.88421896508765e-05,4.01590300722448
"P30044",-2.25787012122852,25.0332613214502,-11.8532879953204,1.12623201512097e-05,7.50113021391889e-05,3.90095305281823
"Q13641",2.04308038415546,22.732049167096,11.7791543438643,1.1716772554724e-05,7.65929761447698e-05,3.85755627535447
"P16070",1.70946175156405,26.1158718936475,11.6073210739685,1.28533179753274e-05,8.24949317325556e-05,3.7559188217158
"Q86X29",-3.30838069354091,23.1156535669649,-11.4634034942258,1.39031549318243e-05,8.76395301952495e-05,3.6696446567392
"P08238;Q58FF7",1.11242400535302,27.9542375182448,11.4121580749201,1.43004477680873e-05,8.85624221427159e-05,3.63866738111307
"Q8IWA5",-3.45661635083282,25.2551714072213,-11.3626159606077,1.46969466088283e-05,8.94486578089031e-05,3.60858980107021
"P09211",-3.85653829755884,27.1183464001454,-11.3001934772948,1.52145893328099e-05,9.10296616013881e-05,3.57050909967437
"P48509",2.04117698861063,25.9063411041654,10.9932990851409,1.80838066278638e-05,0.000106393062327265,3.38025510876602
"O43399",1.95175845323343,24.6466784909208,10.9236336672826,1.8818587045849e-05,0.00010890100372434,3.33634983655878
"O15144",-1.35812689941895,24.8408227729201,-10.4819316883631,2.4358001861749e-05,0.000138683462212861,3.05154350828752
"P10301",1.41690496202679,25.072317849148,10.3257366963372,2.6747811971622e-05,0.000147969333615101,2.94807990121283
"O14493;O95484;P56747;O15551",-2.52691136250747,26.3403123662987,-10.3208188431236,2.68273012786585e-05,0.000147969333615101,2.94479826085764
"Q8WUM4",-1.64140967426296,27.3315344929759,-10.1219762526165,3.02796334220478e-05,0.000164441701507429,2.81085945098825
"Q13443",-2.21251795481052,23.6902956360454,-10.0026364544314,3.25948676803349e-05,0.000172667479415461,2.72927910530822
"Q15907",1.12005967594501,24.4316392441417,9.9938794103628,3.27725810788552e-05,0.000172667479415461,2.72325694054765
"O15427",1.50013687311252,25.7103717531847,9.89147903264785,3.49350692187035e-05,0.000181354109326505,2.65246840933896
"Q15758",1.6474033850685,26.3836112701612,9.78528872574421,3.7351741082516e-05,0.000191089342059828,2.57833474604365
"Q15286",-1.04325051831247,24.3600632598104,-9.63247136512669,4.11727468622407e-05,0.000207628280605299,2.47032897590793
"O00299",1.2744031733353,27.7594272392307,9.27713354564434,5.19160511932177e-05,0.000258117831988815,2.21296270788011
"P07437",1.51166413666447,27.2284842200364,9.02261722884033,6.15916890353941e-05,0.000301970364298529,2.02304310326303
"P14923",-2.21089909884426,24.8817806363505,-8.97119387651013,6.37879803019971e-05,0.00030748616619968,1.98408521220658
"P59998",-1.41307703490424,24.514136867829,-8.95476053621543,6.45086003822403e-05,0.00030748616619968,1.97159318907262
"P49327",-0.928814254305554,24.6324463544417,-8.93628438842279,6.53299219970991e-05,0.00030748616619968,1.95752373537212
"P11021",1.84447265412771,24.0888733763879,8.68792131269376,7.76141840093518e-05,0.00035788301750666,1.76583322344138
"P68363;Q9H853",1.19069343476805,27.5214463614944,8.67967492079881,7.8065134130348e-05,0.00035788301750666,1.75938540832039
"P26447",0.903806202112346,26.1743141253753,8.65366141016657,7.95073792031775e-05,0.000359821857163098,1.73901000631905
"P30740",-0.88179041792581,25.277537654353,-8.57559998591233,8.40211287810561e-05,0.000375436183034339,1.67754123413875
"Q9H4M9;Q9NZN3",0.947937239872385,25.3016690726332,8.4200858088157,9.39129534701009e-05,0.000411542718297078,1.55360311478035
"Q8NG11",-1.51411788103294,24.0591172446772,-8.40525005788409,9.49240880736132e-05,0.000411542718297078,1.54167525249048
"P06744;CON__Q3ZBD7;Q8N196",-0.94839212410718,25.3041648958208,-8.39544511772524,9.55991583579614e-05,0.000411542718297078,1.53378205204108
"O00560",-1.01343853224907,26.5785377643496,-8.35804655838229,9.82247849089895e-05,0.000415094202115294,1.50360142996741
"P67809",1.01635589148596,23.1663493663379,8.35034054962124,9.8775957443866e-05,0.000415094202115294,1.49736808315438
"P05023;P13637;P50993;Q13733;P20648;P54707",0.890282980276272,27.4958749662837,8.31822792552631,0.000101111091853307,0.000418504059676405,1.4713384144537
"P46940",-0.887199912815486,26.1154623770329,-8.30678298180046,0.00010195849612513,0.000418504059676405,1.46204034300534
"P11233",1.37544515760148,26.2000988973618,8.26617941261695,0.000105030835943065,0.000426159598711519,1.42896344693151
"P23528",1.08753009426028,28.7843342370448,8.09910760939471,0.000118833503463603,0.000476684394575591,1.29136810352337
"P01889",1.82779942861585,25.2415246748218,7.98472793596702,0.000129475708581323,0.000513538484597832,1.19575704072611
"P08758",2.53548896358091,27.4653350432528,7.95851038241302,0.00013206548070912,0.000517990163225772,1.17367708176214
"P08134;P62745",1.27506274532785,26.046362047357,7.93762088273524,0.000134171215985786,0.000520466365307501,1.15604000703346
"Q9UK41",-1.77412783641017,23.5108027914492,-7.79143043137042,0.000150025061538943,0.000574660518943402,1.03149888998588
"P63241;Q6IS14",1.54277880139349,23.8966050628408,7.77960715527808,0.000151397813772624,0.000574660518943402,1.02134059210713
"P0DMV9;P0DMV8",-0.834848065966536,26.2628335910282,-7.73455231445829,0.000156761593264483,0.000588689813003858,0.982511223402089
"P14625",1.29117170995081,23.7829107035116,7.70960366390685,0.000159824591855358,0.000593874536052013,0.960928214449204
"P61160",-1.14803882497036,24.7906514663451,-7.61336838030511,0.000172294718150226,0.000633542036531561,0.877124906084752
"P26038;REV__Q9H446",0.933943641880862,27.3379363109167,7.44121200510227,0.000197467248203589,0.000718617923874917,0.724990384214836
"P60033",0.81058885282242,27.0785110820762,7.41614667877753,0.000201470189200742,0.000723945815526057,0.702598859631991
"P06733;P13929",0.807804073642213,28.8621834856164,7.40651426967285,0.000203032962427988,0.000723945815526057,0.693977462895406
"P07384",-0.987212905950585,24.0613552868048,-7.20549190361898,0.000239011537449444,0.000840914371949821,0.511934098542755
"P50995;P27216",-1.52487979812832,24.4506163448121,-7.19137826661906,0.000241798152582159,0.000840914371949821,0.498998969807294
"P62195",1.30342562593783,21.6169107757854,7.18542934670753,0.000242983756200798,0.000840914371949821,0.493540663026613
"Q9Y490",1.90736767229088,25.6648025421901,7.16889188508095,0.000246314468710985,0.000844165120922113,0.478347922312276
"P52907",-0.861644109617917,25.5178898636943,-7.03943802104276,0.000274255144998886,0.000916275746144093,0.358439219865577
"P13726",1.02476178931097,25.8013327461391,7.03829632594131,0.000274517078994396,0.000916275746144093,0.357373900395269
"P47756",-0.980517776085733,24.4230849667831,-7.02917707786997,0.000276619489844421,0.000916275746144093,0.348859761788647
"P63244",-0.877300119617907,23.2890340168245,-7.02435763356835,0.000277737974043677,0.000916275746144093,0.344356564457634
"P08865;A0A8I5KQE6",-0.80764046572278,23.1778151276529,-6.93131380634072,0.000300370303967104,0.000981765900929516,0.256934293774968
"P68371;Q9BVA1;Q13885",0.695485230417837,27.1674078156442,6.80389922467401,0.000334838918129581,0.00107615621986969,0.135705928105581
"P29508",-5.17847239742505,23.3954256312489,-6.80213697255695,0.000335346130837581,0.00107615621986969,0.134016828511372
"P13987",-0.815784329373439,28.5507713833189,-6.70285383268025,0.000365380501042386,0.0011619758276393,0.0383011051403557
"P55072",0.798488424884543,24.9441155105042,6.65056350366667,0.000382417791237608,0.00120529893131139,-0.0125517407187861
"O00410",1.5953758440252,24.9660362029634,6.51021605735264,0.000432775347304584,0.0013459155117075,-0.150571431293753
"P61978",-0.824721379522902,22.754402771894,-6.50533232360823,0.000434658267236983,0.0013459155117075,-0.155414757808582
"O14908",-1.56845826844762,23.7460082163124,-6.46685620653813,0.000449821427698424,0.00138075620850038,-0.193668983318719
"P68104;Q5VTE0;Q05639",0.757312840740237,28.6079957392811,6.40615166135077,0.000474978348268659,0.00144540824947273,-0.254373530316085
"P27105",-5.99461058132844,24.7576371537485,-6.28325386585659,0.000530939601596236,0.00160189469541429,-0.378599396420213
"P35268",-0.65164528536361,23.9245268855057,-6.22796114299292,0.000558521914285039,0.00167083250629338,-0.435077076637883
"P02545;P20700;Q03252",-2.1926454021262,26.0488617664144,-6.21475337621156,0.000565347907274447,0.00167704043082252,-0.44862239429624
"Q14126",-0.683747267674864,23.3274454740843,-6.15314878211896,0.00059845766826636,0.00176046297415021,-0.512080973788928
"Q99497",0.748221643242719,24.365634368004,6.11480284932119,0.000620171677485155,0.00180926117481206,-0.551814801733005
"P13489",0.763104730746164,24.2903093728177,6.01730127357396,0.000679507092466899,0.00196611478394111,-0.653662021153959
"P00749",-1.06588444544771,24.275926234911,-6.00349681595552,0.000688415007111144,0.00197569510170922,-0.668177218783216
"Q16543",1.73561588186859,24.611462676827,5.96837742780338,0.000711677697702567,0.0020259857039436,-0.705212343148482
"P52209",-1.4741839629141,24.8228374858687,-5.87963778955986,0.000774515131796868,0.00218723073219435,-0.799485624559404
"P07355;A6NMY6",-0.754483045226696,30.3881793430778,-5.80628947520826,0.000831201845533277,0.00232868453550196,-0.878164825591043
"O14907",-0.914968319307427,23.873182722255,-5.64986021823763,0.000968424517828463,0.00269176263616888,-1.04828799871018
"Q14847",1.32783567992626,22.8951472769551,5.63598681488879,0.000981778372784265,0.0027075606686941,-1.06353049392888
"P62424",-0.734594286960853,24.1504551780609,-5.60939401844343,0.0010079589750411,0.00275424998643387,-1.09281865930443
"P84095",0.746330720150024,23.7468268450722,5.59164393745387,0.00102587117176102,0.00275424998643387,-1.11241995729448
"Q9NV96;Q3MIR4",-0.777102531391705,22.2071385916912,-5.58994654998634,0.00102760274900654,0.00275424998643387,-1.11429656161665
"Q9BV40",0.700804830837768,21.3649335177235,5.58768219104203,0.00102991784195261,0.00275424998643387,-1.11680059637266
"Q9H9H4",-2.93138596721826,24.3841060406753,-5.54577011370223,0.00107384680814337,0.00285013476146323,-1.16327218593327
"P63218;A0A804HLA8",0.74245516420519,24.676129637912,5.53807059114178,0.00108214402812106,0.00285072270094578,-1.17183480564705
"Q9NY33",-0.698316285389705,23.5508753268072,-5.51917253243517,0.00110281661561699,0.00288366122453925,-1.19288492676632
"Q9H4A4",-1.55993534467474,23.730392030071,-5.37985338668803,0.00126968077545733,0.00329556848335617,-1.34955522505448
"Q15102",0.812019762077067,22.9491207507003,5.30976296127705,0.00136423055808213,0.00351513421170068,-1.4293738851643
"O75083",0.616025388422681,24.415928085487,5.19888091202251,0.00153039494661615,0.0039147059141703,-1.55702943128601
"P52565",0.854389730062699,25.9955255700972,5.1563787406569,0.00160001372484795,0.00403529757354129,-1.6064143802572
"P18085",0.87462610932856,24.537795838084,5.15614796556971,0.00160040130395405,0.00403529757354129,-1.60668321655966
"P04899",0.587799680508081,26.165689826792,5.12540664701292,0.00165298382138849,0.00413832119822793,-1.64256138604656
"P54709",-0.858036736851336,25.3326635000748,-5.11478515760625,0.00167159965798651,0.00415545548781153,-1.65498856489872
"P35241",-0.870740049118464,24.2094473718487,-5.09730655012971,0.00170274736128641,0.00420328544429442,-1.67547314938228
"Q9NZM1",0.617472138676153,24.9962124318196,5.05769480489167,0.00177577331454158,0.00435311097245263,-1.7220567965985
"O14672",-0.670291995904559,24.4576904477553,-5.00128399520898,0.00188590058180137,0.00459119245086817,-1.78877959239709
"P18206",0.556477080137054,26.4945830546471,4.93908575850651,0.00201627693389531,0.00487497094291127,-1.86287241704146
"P62820;P59190",0.612286623549803,26.7562128051023,4.91086160732117,0.0020787408957439,0.00499180636869113,-1.89667633704545
"P04083",-0.566886933380275,28.5341023238931,-4.85539864756322,0.00220789325633682,0.00526612378031687,-1.96343685588854
"P40926",0.574365256370257,24.0333525282809,4.84876522621752,0.00222393159476913,0.00526877753660068,-1.97145107987432
"O95865",1.20048405089011,22.8738473645437,4.82743973359227,0.00227638111475983,0.00535708355673479,-1.99725859258819
"P19623",0.939817165271339,23.1790259928362,4.76218013567956,0.00244566673268112,0.00571735335520818,-2.07664171757292
"P61586",0.893185020661484,27.3481274955023,4.75359298246075,0.00246897041157327,0.00573385891635108,-2.08713316694779
"O00194",-1.09597558710448,22.457547904045,-4.71540116682062,0.0025756609160924,0.00593199939117256,-2.13392392803226
"P80297",-1.00612825423581,23.2662769878097,-4.71113392368602,0.00258789775138973,0.00593199939117256,-2.13916509172259
"P20340;Q9NRW1;Q14964",1.2111131306857,24.9464066782495,4.66392813269528,0.00272768066755015,0.00621207274609809,-2.19732129341677
"P60903",-0.773285717863221,28.6799236660256,-4.63748557260804,0.00280964638071117,0.00635772546404514,-2.23003945312179
"P62258",0.537687945687146,28.1193176059346,4.57365990628283,0.00301903602128768,0.00678802366569779,-2.30943275111396
"Q9H223",-0.663102477166618,24.2903525291976,-4.53028547681674,0.00317123707359269,0.00708510561378619,-2.36372597134691
"Q96AC1",2.8448703339272,23.0294691154159,4.50077333907207,0.00327967247853976,0.00728128543977695,-2.4008244885997
"P29401",-0.575017543619779,25.1208084046933,-4.47539081895078,0.00337623966849841,0.00744882876862461,-2.43283371060277
"P61158;Q9P1U1;Q9C0K3",-1.40703548366742,24.6686387110328,-4.42094828601085,0.00359420898613592,0.00788047063419864,-2.5018076172292
"P23396",-0.899223633519544,23.9883226273723,-4.41231294411493,0.00363019782600677,0.00791024588012586,-2.51278768199743
"P13797;P13796",-0.508296846539896,25.583270469716,-4.40599631966403,0.00365677661996172,0.00791927697451833,-2.52082634490203
"P35221;Q9UI47",-0.540564234719497,26.5539069578567,-4.3524229673943,0.00389109224272633,0.00837533879074631,-2.58923951118746
"O75369",0.451949538786216,26.0014705741764,4.31101646278068,0.0040836226460033,0.0087364775396313,-2.64240307154965
"Q9H0U4;Q92928",1.0213733770832,24.0445309979172,4.30583734220699,0.00410843894848935,0.00873662017359482,-2.64907038517291
"P35754",-0.701026366338301,23.370970410499,-4.22922328988298,0.00449576507138246,0.00950302437244317,-2.74815612832926
"P50395",0.596357761409852,26.1643685027465,4.14348609116509,0.00497786385693122,0.0104594401279567,-2.86005336610061
"P35613",0.453520325806487,26.3235400586853,4.13294623084731,0.0050409762349881,0.0105293763961586,-2.873882678141
"Q14974",0.587541786702875,25.15981423589,4.11221627545792,0.00516770360339168,0.0107305845411604,-2.90112921156628
"P30153;P30154",0.691686750544797,25.9700711262262,4.0931047702066,0.00528766183094971,0.0109154656510248,-2.92630345748443
"P07737;CON__P02584",1.07587436041013,28.0716265072753,4.08010273823084,0.00537102972293118,0.0110231016988064,-2.94346019443067
"Q08722",0.976813900687574,25.7049994375602,4.0723964275913,0.00542112646616841,0.0110616048702743,-2.95364047879912
"P07942",1.32433645087325,24.6536217751674,4.04956244420375,0.0055726188128912,0.0113053703502908,-2.98385498501374
"P07195",0.753459851466705,26.0428576158649,4.0287536474644,0.00571475218682239,0.0115274715539903,-3.01145480395119
"Q14764",0.485351219089182,26.4194737847136,4.00500280228195,0.00588188879029395,0.01179719740326,-3.04303246848892
"P60709;Q6S8J3;A5A3E0;P0CG38;Q9BYX7;P0CG39",0.553264694573404,30.9136314135528,3.98046185992518,0.00606026700843761,0.0120560223833804,-3.07574505749413
"P60660;P14649",-0.833418045341134,25.5634918623346,-3.97789844872177,0.0060792407485601,0.0120560223833804,-3.07916697378171
"Q15149;P58107",-0.404093808889382,24.8593513155617,-3.94375192310869,0.00633832822176896,0.0124996081691868,-3.12483827872436
"P37802;Q9UI15",0.8185539122363,26.6382339649162,3.92716270765733,0.00646856976873235,0.0126855840464584,-3.14708601262405
"Q16851",-1.31003028601907,24.2047021302593,-3.902683234386,0.00666617139760395,0.0129619115144199,-3.17998611869394
"P00558;P07205",0.518291065948567,27.9684596475358,3.90064616831757,0.00668291188562159,0.0129619115144199,-3.18272770334243
"P19256",2.13343408225731,23.4941224811205,3.82520840468668,0.00733663488769066,0.0141520880620481,-3.28466340843902
"P31946",0.453302148034005,26.89343271276,3.82076433636674,0.00737728130375514,0.0141531538055737,-3.29069311545038
"P30086",-0.443524116835388,25.2591927495802,-3.77040695553222,0.00785554642194398,0.014989231821331,-3.35920762858636
"P40121",-0.386905419456838,24.7642582747283,-3.72952927658703,0.00826883099590877,0.0156929964599774,-3.41507871786172
"Q92597",1.21347903456667,25.2626049909176,3.69076630396361,0.00868283633863209,0.0163644443327832,-3.46826755636043
"P62873;P16520",0.722785871677132,27.5293466246639,3.68780899099356,0.00871534145768625,0.0163644443327832,-3.47233370164791
"Q01518",0.375558453419085,26.5983922279543,3.60827192782498,0.00964150856021666,0.0180076853002988,-3.58212605153237
"P21926",-1.67772995643685,27.8496017772057,-3.57881912270635,0.0100113320996688,0.0186000012167531,-3.62299168357985
"P51148",0.694619482319652,24.9541868118122,3.5689711106584,0.0101384215908838,0.0187375016836754,-3.63668060884986
"P04632;Q96L46",-0.381998613476586,24.9573699120373,-3.54692154722311,0.0104294045371409,0.0191748948000559,-3.66737471772949
"P08195",0.93509130473387,25.6554112839397,3.49613612762216,0.0111348570396002,0.0203580101011384,-3.73830340298606
"P10599",-0.953793180225215,26.8263555338535,-3.4924356980126,0.0111882548431186,0.0203580101011384,-3.7434840963484
"P08754",-0.457238081112997,25.0029729163072,-3.43209425228107,0.0120994967624316,0.0219031915750685,-3.82819961165145
"P23526",0.684657363582211,23.9900708082254,3.42552042997116,0.0122035469584592,0.0219788371241638,-3.83745537163633
"P50990",0.346491030066659,24.589368009683,3.39848175433541,0.0126418536927974,0.0226526616931853,-3.87557896325741
"P14618;P30613",-0.356122084433515,29.2406334643435,-3.32487525957057,0.0139240058915907,0.0248241115137956,-3.97979139889113
"P35579;P35749",0.437691410362646,26.1650658641369,3.31507420771405,0.0141051045500629,0.0250206125938302,-3.99371408922785
"Q9UKK9",0.876614329195597,22.5473370670188,3.2885166055906,0.0146087658615165,0.0257844717455767,-4.03149327867532
"O15031",0.495252942588927,23.5655471368079,3.26799033380243,0.0150113749385276,0.0263632604641803,-4.06074527529538
"P13639;Q15029",-0.388958660716259,25.8990280974197,-3.2499058626008,0.0153760413389452,0.0268700128348893,-4.08655481859784
"Q9NUP9;O14910",-0.525744456176877,23.5172305291026,-3.19513388158951,0.0165401143780295,0.0287618737706622,-4.16493147696691
"P27701",-0.743675747702362,26.1769414884094,-3.1693154020929,0.0171215046627628,0.0296269173821336,-4.20198198338606
"P63104",-0.432024628229456,29.0818046341562,-3.08825748240099,0.0190943784749327,0.0328795883007377,-4.31871795271655
"O60664",0.852948064700339,23.0431802844075,3.04697048191491,0.0201919928249731,0.0346008420738617,-4.3784060068157
"Q13404",0.359288477156671,24.3097063696391,2.97928228040864,0.0221404671471266,0.0377564488064526,-4.47656816516643
"P50991",0.375851972176697,25.1571472388058,2.91010718057028,0.0243409727683662,0.0413094393616984,-4.57724380061998
"P45974",-0.394298875322459,23.5795561731996,-2.89812423431204,0.024745309531128,0.0417947093994649,-4.59471686652961
"P26599;O95758",-0.766290933983903,24.3098605765606,-2.88879335605907,0.0250651114687287,0.0421332588021963,-4.60832918877494
"Q13753",-0.657435841196083,22.5292309582763,-2.84688019381078,0.0265568467767763,0.0444292270720476,-4.66953977616485
"Q8NC51",0.594821070737879,22.5817668270293,2.84022719962922,0.0268021868617008,0.0446281696329264,-4.6792653098006
"P17655",0.344523525582712,24.8008021642093,2.82889121117774,0.0272257819571156,0.045120662116722,-4.69584219134451
"P20073",-0.52351843941701,23.2430896695425,-2.78688772376573,0.028858319241318,0.0476027415522675,-4.75732292856892
"Q15084",0.782786309183177,23.5291584526668,2.77840956397468,0.029200246878606,0.0479427309216182,-4.76974281504082
"P01024",-1.00975301998984,23.2594666167238,-2.75379177341946,0.0302176184400402,0.0492361051816756,-4.80582405854563
"P30101",0.43375727070433,22.6379609333375,2.75262035958938,0.0302669541768374,0.0492361051816756,-4.80754158597222
"P07741",-0.966550129633234,24.3696353117114,-2.74790151383664,0.0304665591783984,0.0493334650916268,-4.81446091984428
"P35222",-0.404468823525185,24.7935613776212,-2.74135916289664,0.030745602535919,0.0495579803432849,-4.82405555216502
"P07910;P0DMR1;O60812;B7ZW38;B2RXH8",-0.738495349368627,23.1731111885431,-2.70095625477633,0.0325297573622157,0.0521954743130098,-4.88334266842654
"O00161",0.558351493943444,23.8259173915793,2.68285713895856,0.0333641142582015,0.053292001507444,-4.90991841290986
"P31948",0.536782178550087,23.9514019825163,2.67510998059371,0.0337281156542159,0.0536307424591812,-4.92129673566457
"P60174",-0.296985561803826,27.3448936874066,-2.65982419353389,0.0344586366240795,0.0545466310686102,-4.94375160256141
"P33176;O60282;Q12840",0.271254189449404,22.7165167319036,2.63537203830469,0.0356620291808085,0.0561995370572563,-4.97968275284907
"P46781",-0.370664074477812,23.1096115729034,-2.63157028649175,0.0358530604215645,0.0562494681280545,-4.98527026912622
"P61106",0.935353617577729,23.7672415582482,2.61304959960587,0.0367991770415697,0.0574783606003279,-5.01249386926288
"P25398",-0.651352133974406,24.4664041802771,-2.58863426332396,0.0380866032199685,0.0592271847429466,-5.04838879878646
"P25786",-0.361647487007936,23.5199111363436,-2.47800310715727,0.0445384914398512,0.0689565240274889,-5.21104850202414
"P62879",0.316466772601391,26.5717279461506,2.44853685203523,0.0464421281926767,0.0715898307948247,-5.25434934363302
"P51149",0.297997833210797,25.0115296711097,2.43616047254151,0.0472666954356715,0.0725441021251828,-5.27253039141073
"Q9NUQ9",0.290627850410068,23.4810033272307,2.36583460814765,0.0522486825275352,0.079843224814805,-5.37574284474304
"Q9C0B5;Q9ULC8",-0.355973300404926,22.8937268667113,-2.35206466502213,0.0532860251711857,0.0810774434716747,-5.39592769002772
"Q13813;REV__Q04637",0.483220684943696,24.9547403286487,2.33752842842129,0.0544041340395467,0.0824234305406007,-5.41722527845961
"P16989",-0.424408667345666,22.5003457754141,-2.30850817104793,0.0567090760216337,0.0855483069899004,-5.45970810010346
"P11940;Q9H361;Q96DU9;Q4VXU2;Q13310",0.517935421774801,21.8490710206601,2.2818518465809,0.0589145727943996,0.0884420922631809,-5.49868314296272
"P19105;O14950;P24844",0.292787938641734,24.2064844155024,2.27932175768644,0.0591284242892654,0.0884420922631809,-5.50237990058226
"P55786;A6NEC2",-0.572793943612574,25.3218617630157,-2.25462273856152,0.0612582595909684,0.0912412052135521,-5.53844286707579
"P62826",0.501775249638168,25.1485520587798,2.24249829413823,0.0623323029448685,0.0924508526871369,-5.55612808535435
"Q9NRX4",-0.338074780744584,24.7667590558082,-2.23718353858583,0.0628091518058114,0.0927683288177884,-5.56387653932701
"P84077;P61204",-0.402048741349148,26.4041878915668,-2.21294800396085,0.0650312065019656,0.0956500662299744,-5.59917835798866
"P30050",-0.49575703806914,23.8748261017784,-2.2073997037633,0.0655510717933974,0.0960146404276734,-5.60725250823365
"P22314",0.252869759705177,24.9239586709122,2.19993127649148,0.0662575321122347,0.0966483836182597,-5.6181162603192
"P61088;Q5JXB2",1.00647390740892,25.6819186125714,2.13484870205448,0.0727504849423314,0.105682803228983,-5.71253994260019
"P00338;Q6ZMR3;P07864",0.451722644559009,28.1891493932829,2.05767198946209,0.0812886265537319,0.11760198841585,-5.82383991756012
"P0DP25;P0DP24;P0DP23;P02585",-0.34421792054308,30.0039438435179,-2.05056397204883,0.0821239336933274,0.118325504464264,-5.83404870904835
"P61225;P10114",0.312802474256632,24.5326979506012,2.03380066520778,0.0841280827853381,0.120382244855584,-5.85809417597847
"P62913",1.49501389832107,24.4767498725057,2.03293027422395,0.0842334687799693,0.120382244855584,-5.8593414759598
"Q7KZF4",0.229448444918482,22.1798531413314,2.00723891331717,0.0874042371984274,0.124410063431633,-5.89610287036737
"P06454",1.03225187248307,24.0350756462351,1.99567862138849,0.0888695413358208,0.125987743339537,-5.91260840285165
"P61981",-0.219169225647537,26.220260170745,-1.95378109312646,0.094387797178882,0.133275569616581,-5.97223002771795
"Q15365",0.393196895706922,24.9580957158512,1.94929119788894,0.0949989499516074,0.133604100927958,-5.9785999941285
"P05387",-0.287903280627848,24.6919995005574,-1.92525770574976,0.0983374803339913,0.1377505180869,-6.0126302012838
"P11142",0.215521444159453,27.5022502245642,1.89080699412125,0.10332583285307,0.144166082992623,-6.06120491780943
"Q96RT1;Q96NW7",0.561369446483344,25.0376754910445,1.87825347134766,0.105204724909119,0.146209716113854,-6.07884180388275
"P63010",0.377506398020088,25.0307120180446,1.85483367630764,0.108799935838589,0.149645251021912,-6.11165034170655
"P09543",-0.350463214378234,24.7268226767104,-1.8543902284092,0.108869157326944,0.149645251021912,-6.11227034397505
"P29992;O95837;P19086;Q03113",1.03396529271414,24.5775787571645,1.85388211757563,0.108948525531534,0.149645251021912,-6.11298069749184
"P40227;Q92526",0.264028658538876,24.5822956079671,1.84205281048211,0.110812356940636,0.15161535658932,-6.12950118404307
"P40925",-0.224811646950126,24.4654472835804,-1.81918963641102,0.114503261493547,0.156060429757615,-6.16133551680185
"Q9HB71",0.321647541099743,23.2477131304718,1.79435881411953,0.118647294483415,0.161086519048637,-6.19576114140478
"P62834",0.378191352784238,25.444352738265,1.77645815233361,0.121724591297053,0.164631343784903,-6.22047892102235
"Q92616",0.414945580886087,23.9723738348138,1.73371104075145,0.129388235409769,0.17432842404446,-6.27914929858914
"P62829",0.449060880494674,23.9576519472773,1.71174246255259,0.133505134228198,0.179191301834806,-6.30909622077659
"P60981",0.330253118921082,26.7604994367842,1.70776977132703,0.134262891394159,0.179525760083857,-6.3144962321671
"Q99584",0.621286842874117,25.8600776940046,1.66244986849895,0.143202961506614,0.190757152497489,-6.37575047657058
"P05814",-2.66663482848972,24.0958033538764,-1.65638534581435,0.144441392387395,0.191683501927633,-6.38389719172838
"P04406;O14556",0.225797473740304,29.1827529126356,1.63660886646832,0.148550814498679,0.196398642389639,-6.41037843163063
"P27348",0.220908267260917,26.4953179233536,1.6319427472857,0.149536399367393,0.196963988718991,-6.41660714856108
"Q04917",0.266684874804859,25.2720099148488,1.60347094055071,0.155685129543616,0.20430056033047,-6.4544491770366
"O15511",-0.549641408268869,24.907841498832,-1.58317319133502,0.160212818783889,0.209463426039676,-6.4812496956314
"P41250",0.641107605707777,23.5903376119017,1.5308288602122,0.172462714798914,0.22464700488567,-6.54964713781716
"Q96KP4",-0.501520358275922,25.1215200947298,-1.52108438116632,0.174837049010271,0.2269024937523,-6.56226144730799
"O95747",0.310732394303976,22.7451651827099,1.51200382701537,0.17707676798995,0.228967395972353,-6.57398163302829
"P08174",0.155666163112418,26.0547555141359,1.49411806107649,0.181565834699828,0.233915108208172,-6.59696711574423
"O00231",-0.256958286026119,22.2572062311698,-1.46343272089416,0.189511486911011,0.243263835925771,-6.63608589978788
"P09525",-0.202699995342982,25.2436592968411,-1.45749670724913,0.191084770915799,0.244394652656801,-6.64360613518694
"P12429",-0.160205232170853,24.8589822520475,-1.41791749477209,0.201882064229607,0.256448046091754,-6.6933436387216
"P34932",0.164798565747017,24.0847497382156,1.41763199323672,0.201961917318718,0.256448046091754,-6.69369980747361
"P68133;P68032;P63267;P62736",0.312725004637706,27.6007692691485,1.40756681842322,0.204795364735197,0.259113848571773,-6.70623191006817
"P62937;P0DN26;A0A0B4J2A2;A0A075B767;A0A075B759;Q9Y536;F5H284;P0DN37",0.248402734025742,27.2323143255582,1.38862278066925,0.210225533589545,0.264826561341938,-6.72968871414478
"Q2VIR3;P41091",0.236134632609925,23.8207116853547,1.38660678920934,0.210810945430834,0.264826561341938,-6.73217479275921
"P36871",0.227749196599643,23.9067004455031,1.37073255565429,0.215471791889517,0.269721782046097,-6.75168126299613
"Q9Y696",-0.178389929466444,25.0702252152378,-1.3279082742763,0.22850645466079,0.285027485848971,-6.80367526098707
"P35237",0.33076851490063,25.1065178259897,1.31823895936091,0.231544352853991,0.287799847033306,-6.81528441451066
"Q96QK1",0.292145043216255,24.30953267778,1.3061627642604,0.235388310450379,0.291551135399943,-6.82971398526436
"P63000;P60763",0.141288907481687,26.9422068340984,1.28824865772505,0.241193564886032,0.296816241803927,-6.85097508322351
"P17987",0.336456478326753,24.8121838918596,1.28786010437733,0.241320853817923,0.296816241803927,-6.85143430254988
"P12955",0.212131589844422,22.7863906819342,1.22351590919112,0.263220497566801,0.322627901531531,-6.92631422423376
"Q14204",0.184863940489038,24.6867196960372,1.2044767904063,0.270019219605781,0.329727313830852,-6.94801204556197
"Q01082",0.160496828964039,24.0598110952776,1.20209327304187,0.270880796065006,0.329727313830852,-6.95071318325232
"P07900;Q14568;Q58FF6;Q58FG0",0.139856516045562,25.4427887988961,1.19874466503341,0.272095171141637,0.330067338188997,-6.95450224258982
"P31150",0.343351962977621,23.578154125816,1.19567494193782,0.273212464616514,0.330287671265854,-6.95796978903301
"Q01650",0.286462108386434,24.1519347239866,1.18352223725503,0.277673935060787,0.334535491728524,-6.97164123897661
"O43598",0.302758483204975,22.2459487492732,1.15977637544372,0.2865689243741,0.344077654095433,-6.99809213368278
"O95336",0.229601730275832,25.6768141683926,1.11880446878484,0.302476473178296,0.36194642383708,-7.04289268643313
"P15880",-0.229599431465676,24.0806595023888,-1.10581295103455,0.307670487330349,0.366774150651383,-7.05687053664907
"P02795;P13640;P80294;P04731",0.656777851775981,21.1228816089403,1.1011152521378,0.309566575224026,0.366774150651383,-7.06189737403951
"P49368",0.180254826779276,24.8177404223675,1.10096337234889,0.30962803652723,0.366774150651383,-7.06205964976864
"P50552",-0.216204044463321,22.7652315406068,-1.0724430912171,0.32134729724605,0.379383263972761,-7.09225675197226
"P11216",-0.189810665719715,24.0161733182748,-1.06641407216145,0.32387022535087,0.381087298496191,-7.09856931388434
"P09960",-0.134424883244709,23.7751409772621,-1.04747397027742,0.331900116561159,0.389238342678037,-7.1182363684902
"Q9UQ80",-0.186509316435064,23.6328200807263,-1.0316557624941,0.338728116357228,0.395930546602985,-7.13446882942359
"P46108",-0.198807712330705,21.4331640334477,-1.02086904210501,0.343448091800223,0.40012269440752,-7.14543593638807
"Q7L576;Q96F07",-0.180551521994058,24.1130403402749,-1.00578055264351,0.350137634267555,0.406574292422523,-7.16063607448352
"O00186",-0.425245731225132,24.3246451201096,-0.995456274547554,0.354773770132859,0.410607019202948,-7.1709411753317
"P32119",-0.169542772582808,25.6872365908605,-0.983288232748427,0.360299420416343,0.415639527473756,-7.18298579931605
"Q96TA1",-0.11303398765336,26.7358566630645,-0.956305334662362,0.372791244913534,0.427099155524701,-7.20930019625847
"Q06323",-0.17127079695085,24.806726915322,-0.956246229059125,0.372818970010338,0.427099155524701,-7.20935723336171
"P78371",0.125488532365239,25.1953447116455,0.954022973087393,0.373863000161848,0.427099155524701,-7.21150074862336
"Q01813",0.179879179963997,22.8765237314338,0.949797557584961,0.375853419020772,0.427987925530105,-7.21556420744642
"O00571;O15523",0.415603403972018,21.8554678880039,0.923578423664795,0.388385647002536,0.440836441774583,-7.24047074921836
"P23634;Q01814",0.096379848921881,25.9452601611927,0.896510117228137,0.401652469518721,0.454433723525989,-7.26561912508369
"Q92542",0.164547089635057,24.9945105914293,0.881588038468704,0.409109202059041,0.461391528200771,-7.27923285022331
"Q99460",-0.161105453398914,21.9022871499527,-0.822688052460527,0.439535403540775,0.494127380413674,-7.33118749282422
"P63261",-0.239222846497249,27.7658426753925,-0.797474770608148,0.453043361998512,0.50769621201738,-7.35253693376692
"P46782",-0.148306440838521,24.9579934083576,-0.782470160399086,0.46121899929619,0.515222489720111,-7.36498247877937
"P07947;P12931;P06241;P08631",-0.205790478110224,23.3797123449994,-0.777061610599571,0.464190962342265,0.51690665522656,-7.36942056639755
"Q9UBI6",-0.124585997191321,28.1878138648594,-0.765474547423631,0.470602419733527,0.521360673245457,-7.37884224961192
"P28482",0.131577872102902,23.6637751403765,0.764499626613149,0.471144631063175,0.521360673245457,-7.37962958884373
"P14174",-0.184968654233955,26.2341998902489,-0.707440130026138,0.503619461239489,0.555555218179812,-7.42423017107259
"Q07020",-0.188480725108462,24.5056231719126,-0.686405626826681,0.515954750832662,0.567389492348691,-7.43992467975568
"P26641",0.235483987766486,25.0356093955647,0.678069495720559,0.520896828614302,0.571045281058536,-7.44603111772934
"P61163",-0.111100097886961,22.8955166934884,-0.642694674628204,0.542202760362281,0.592562149869614,-7.47121835547378
"P02794",-0.218564691357646,25.5623825721505,-0.621701366434869,0.555099004054309,0.604783791454231,-7.48560325166544
"P06703",-0.0757693862509683,29.684911162352,-0.604254621639921,0.56595706327318,0.6147164410321,-7.49723464664111
"P37837",-0.0928530199381576,24.1473848055888,-0.587489513266697,0.576509326357326,0.622938061132043,-7.50813223964993
"P67936;P07951;CON__Q3SX28;P09493",-0.168809684631039,24.8875134916233,-0.582472206868571,0.579689627361496,0.622938061132043,-7.51133996139092
"O00159",-0.0673810971478233,26.0637281190395,-0.58149231236499,0.580311941394646,0.622938061132043,-7.51196354449032
"O60716",-0.132142550723266,24.3616183944839,-0.581062025830531,0.580585331763293,0.622938061132043,-7.5122370701042
"O14818;Q8TAA3",-0.0630765311193677,23.9084679194427,-0.570632235375662,0.587234935901174,0.62816343143368,-7.51881114171406
"P49720",-0.1073844220384,22.9019895660277,-0.560270397756494,0.593884381793368,0.633357059737338,-7.52523554668148
"P49588",0.100767065977614,22.7804886830638,0.528091340117594,0.614803927450252,0.653692127680539,-7.54450182972392
"O43657",-0.0735889406893477,21.4871107356115,-0.474560607027151,0.650475267676685,0.688352338304486,-7.57422037905132
"O75131;Q8IYJ1;Q96A23;O95741;Q9UBL6",0.210690216101163,23.8642060648392,0.471668658917437,0.652432229058561,0.688352338304486,-7.57574184721861
"O75436",-0.0503330250257754,23.0916415683898,-0.470458205673369,0.653252219070829,0.688352338304486,-7.5763760931061
"P06396;CON__Q3SX14",-0.0830588041014124,25.228057026501,-0.457422123114451,0.662115981655824,0.695562107546693,-7.5831099511076
"Q9Y678;Q9UBF2",0.268478331601628,22.8102489662617,0.454610953340083,0.664035213153642,0.695562107546693,-7.58453882233385
"Q86VP6",-0.0785731936578635,24.3427707485082,-0.369213319641564,0.723585555625081,0.755697340638028,-7.623959887852
"P62140;P36873;P62136",-0.0736312662298744,25.7212900007467,-0.353872351054836,0.734523354738069,0.76485765257386,-7.63021341343865
"Q09666",0.0388797871244613,25.7248151320849,0.321196591098722,0.758041943073415,0.78702589972034,-7.64267963929931
"P60842",-0.0894062278668919,24.1391401793771,-0.311320508732459,0.765206867451778,0.792134968359172,-7.64621749989563
"P60953;P17081;Q9H4E5",-0.038989831096341,26.9342503854051,-0.277182310708453,0.790162176340218,0.815576749263442,-7.65761825745476
"P04075",-0.0264975606494779,27.92260504493,-0.233054676809228,0.822816106813399,0.846804914592215,-7.6704363359528
"P25788",0.0357050500593701,24.0286657769228,0.225982499219294,0.828087073107029,0.849752141880178,-7.67228810593609
"P18669;Q8N0Y7;P15259",-0.0285836440683234,26.3483532448195,-0.217004107841623,0.834792612577461,0.854150122434329,-7.67455803714248
"P36578",-0.0495268422976203,24.2615813881013,-0.212322324957409,0.838295189023839,0.855254918281547,-7.67570571349945
"P16152",-0.0276628884199539,23.9317091585059,-0.198746664427165,0.848473777467299,0.863144793792382,-7.6788939174756
"O60610",-0.0515909629482678,21.772334349065,-0.193007498932087,0.852786408979215,0.865039087269146,-7.68017917634867
"P30041",0.0238782847297543,25.6992681815726,0.162247591299103,0.875990099700006,0.886030100842699,-7.6864321698487
"P50148",-0.0197694341994463,24.0972845052791,-0.137580097457651,0.894695439341875,0.902364257393377,-7.69067020009901
"Q06830",-0.0104784944398375,27.1140550622561,-0.0952420777978264,0.926963530599478,0.932245374078677,-7.69632597802876
"O43707;Q9H254",-0.00882044277588534,26.758374679132,-0.0889780042570289,0.931752048813881,0.93439907167983,-7.69698864521654
"Q99832",0.0030254019648801,24.5646498767612,0.0226065348502229,0.982635670116645,0.982635670116645,-7.70124434059108
