"ID","Description","setSize","enrichmentScore","NES","pvalue","p.adjust","qvalue","rank","leading_edge","core_enrichment"
"R-HSA-5693532","DNA Double-Strand Break Repair",19,0.734861348163928,2.1195779783678,2.38105320305339e-05,0.00284568190492117,0.00225904896820281,206,"tags=89%, list=23%, signal=70%","3838/7334/8294/8359/8360/8361/8362/8363/8364/8365/8366/8367/8368/8370/121504/554313/3014"
"R-HSA-5693606","DNA Double Strand Break Response",19,0.734861348163928,2.1195779783678,2.38105320305339e-05,0.00284568190492117,0.00225904896820281,206,"tags=89%, list=23%, signal=70%","3838/7334/8294/8359/8360/8361/8362/8363/8364/8365/8366/8367/8368/8370/121504/554313/3014"
"R-HSA-3214841","PKMTs methylate histone lysines",27,0.671817859474251,2.11643891424858,3.3117029614787e-05,0.00284568190492117,0.00225904896820281,220,"tags=89%, list=25%, signal=69%","8294/8359/8360/8361/8362/8363/8364/8365/8366/8367/8368/8370/121504/554313/8350/8351/8352/8353/8354/8355/8356/8357/8358/8968"
"R-HSA-3214842","HDMs demethylate histones",27,0.671817859474251,2.11643891424858,3.3117029614787e-05,0.00284568190492117,0.00225904896820281,220,"tags=89%, list=25%, signal=69%","8294/8359/8360/8361/8362/8363/8364/8365/8366/8367/8368/8370/121504/554313/8350/8351/8352/8353/8354/8355/8356/8357/8358/8968"
"R-HSA-5693571","Nonhomologous End-Joining (NHEJ)",17,0.749781688619343,2.11546300795675,4.41490078645867e-05,0.00284568190492117,0.00225904896820281,206,"tags=94%, list=23%, signal=74%","7334/8294/8359/8360/8361/8362/8363/8364/8365/8366/8367/8368/8370/121504/554313/3014"
"R-HSA-5693538","Homology Directed Repair",18,0.728581741894534,2.0841490684364,4.73403644071913e-05,0.00284568190492117,0.00225904896820281,206,"tags=89%, list=23%, signal=70%","7334/8294/8359/8360/8361/8362/8363/8364/8365/8366/8367/8368/8370/121504/554313/3014"
"R-HSA-5693565","Recruitment and ATM-mediated phosphorylation of repair and signaling proteins at DNA double strand breaks",18,0.728581741894534,2.0841490684364,4.73403644071913e-05,0.00284568190492117,0.00225904896820281,206,"tags=89%, list=23%, signal=70%","7334/8294/8359/8360/8361/8362/8363/8364/8365/8366/8367/8368/8370/121504/554313/3014"
"R-HSA-5693567","HDR through Homologous Recombination (HRR) or Single Strand Annealing (SSA)",18,0.728581741894534,2.0841490684364,4.73403644071913e-05,0.00284568190492117,0.00225904896820281,206,"tags=89%, list=23%, signal=70%","7334/8294/8359/8360/8361/8362/8363/8364/8365/8366/8367/8368/8370/121504/554313/3014"
"R-HSA-5693607","Processing of DNA double-strand break ends",18,0.728581741894534,2.0841490684364,4.73403644071913e-05,0.00284568190492117,0.00225904896820281,206,"tags=89%, list=23%, signal=70%","7334/8294/8359/8360/8361/8362/8363/8364/8365/8366/8367/8368/8370/121504/554313/3014"
"R-HSA-4551638","SUMOylation of chromatin organization proteins",15,0.742368514700798,2.04952068639025,0.000127818255134293,0.00691496760276526,0.00548945769418859,198,"tags=93%, list=22%, signal=74%","8294/8359/8360/8361/8362/8363/8364/8365/8366/8367/8368/8370/121504/554313"
"R-HSA-606279","Deposition of new CENPA-containing nucleosomes at the centromere",19,0.69115826336363,1.99352413656363,0.000240470442798761,0.00765261820906646,0.00607504276544239,206,"tags=89%, list=23%, signal=70%","8607/4869/8294/8359/8360/8361/8362/8363/8364/8365/8366/8367/8368/8370/121504/554313/3014"
"R-HSA-774815","Nucleosome assembly",19,0.69115826336363,1.99352413656363,0.000240470442798761,0.00765261820906646,0.00607504276544239,206,"tags=89%, list=23%, signal=70%","8607/4869/8294/8359/8360/8361/8362/8363/8364/8365/8366/8367/8368/8370/121504/554313/3014"
"R-HSA-9818564","Epigenetic regulation of gene expression by MLL3 and MLL4 complexes",34,0.593706406562834,1.95721277520516,0.000225187626070954,0.00765261820906646,0.00607504276544239,220,"tags=76%, list=25%, signal=60%","948/8294/8359/8360/8361/8362/8363/8364/8365/8366/8367/8368/8370/121504/554313/3014/8350/8351/8352/8353/8354/8355/8356/8357/8358/8968"
"R-HSA-9841922","MLL4 and MLL3 complexes regulate expression of PPARG target genes in adipogenesis and hepatic steatosis",34,0.593706406562834,1.95721277520516,0.000225187626070954,0.00765261820906646,0.00607504276544239,220,"tags=76%, list=25%, signal=60%","948/8294/8359/8360/8361/8362/8363/8364/8365/8366/8367/8368/8370/121504/554313/3014/8350/8351/8352/8353/8354/8355/8356/8357/8358/8968"
"R-HSA-9851695","Epigenetic regulation of adipogenesis genes by MLL3 and MLL4 complexes",34,0.593706406562834,1.95721277520516,0.000225187626070954,0.00765261820906646,0.00607504276544239,220,"tags=76%, list=25%, signal=60%","948/8294/8359/8360/8361/8362/8363/8364/8365/8366/8367/8368/8370/121504/554313/3014/8350/8351/8352/8353/8354/8355/8356/8357/8358/8968"
"R-HSA-9917777","Epigenetic regulation by WDR5-containing histone modifying complexes",34,0.593706406562834,1.95721277520516,0.000225187626070954,0.00765261820906646,0.00607504276544239,220,"tags=76%, list=25%, signal=60%","948/8294/8359/8360/8361/8362/8363/8364/8365/8366/8367/8368/8370/121504/554313/3014/8350/8351/8352/8353/8354/8355/8356/8357/8358/8968"
"R-HSA-73864","RNA Polymerase I Transcription",33,0.587109665795801,1.92945491569685,0.000240217134099818,0.00765261820906646,0.00607504276544239,220,"tags=79%, list=25%, signal=62%","284119/8294/8359/8360/8361/8362/8363/8364/8365/8366/8367/8368/8370/121504/554313/3014/8350/8351/8352/8353/8354/8355/8356/8357/8358/8968"
"R-HSA-5578749","Transcriptional regulation by small RNAs",33,0.586234398173508,1.92657846941302,0.000260849031986272,0.00776302813403209,0.00616269185462612,220,"tags=79%, list=25%, signal=62%","5901/8294/8359/8360/8361/8362/8363/8364/8365/8366/8367/8368/8370/121504/554313/3014/8350/8351/8352/8353/8354/8355/8356/8357/8358/8968"
"R-HSA-1912422","Pre-NOTCH Expression and Processing",33,0.585387495841206,1.9237952417413,0.000272638696019611,0.00776302813403209,0.00616269185462612,220,"tags=79%, list=25%, signal=62%","5870/8294/8359/8360/8361/8362/8363/8364/8365/8366/8367/8368/8370/121504/554313/3014/8350/8351/8352/8353/8354/8355/8356/8357/8358/8968"
"R-HSA-3214815","HDACs deacetylate histones",29,0.616696054716093,1.96951128950714,0.000436290686768437,0.0091103239856956,0.00723224474397082,220,"tags=83%, list=25%, signal=64%","8294/8359/8360/8361/8362/8363/8364/8365/8366/8367/8368/8370/121504/554313/8350/8351/8352/8353/8354/8355/8356/8357/8358/8968"
"R-HSA-3214858","RMTs methylate histone arginines",31,0.595146726737813,1.93480884085193,0.000371700362482724,0.0091103239856956,0.00723224474397082,220,"tags=81%, list=25%, signal=63%","8294/8359/8360/8361/8362/8363/8364/8365/8366/8367/8368/8370/121504/554313/3014/8350/8351/8352/8353/8354/8355/8356/8357/8358/8968"
"R-HSA-9764560","Regulation of CDH1 Gene Transcription",34,0.582756839621624,1.92111642848663,0.000411185576050961,0.0091103239856956,0.00723224474397082,220,"tags=76%, list=25%, signal=60%","5594/8294/8359/8360/8361/8362/8363/8364/8365/8366/8367/8368/8370/121504/554313/3014/8350/8351/8352/8353/8354/8355/8356/8357/8358/8968"
"R-HSA-9764725","Negative Regulation of CDH1 Gene Transcription",34,0.582756839621624,1.92111642848663,0.000411185576050961,0.0091103239856956,0.00723224474397082,220,"tags=76%, list=25%, signal=60%","5594/8294/8359/8360/8361/8362/8363/8364/8365/8366/8367/8368/8370/121504/554313/3014/8350/8351/8352/8353/8354/8355/8356/8357/8358/8968"
"R-HSA-9018519","Estrogen-dependent gene expression",38,0.565401584009241,1.91241503751879,0.000351544823646927,0.0091103239856956,0.00723224474397082,220,"tags=74%, list=25%, signal=58%","3838/1509/10728/8294/8359/8360/8361/8362/8363/8364/8365/8366/8367/8368/8370/121504/554313/3014/8350/8351/8352/8353/8354/8355/8356/8357/8358/8968"
"R-HSA-2559582","Senescence-Associated Secretory Phenotype (SASP)",35,0.563728135108389,1.87943086835313,0.000420748524898823,0.0091103239856956,0.00723224474397082,220,"tags=74%, list=25%, signal=58%","5594/8294/8359/8360/8361/8362/8363/8364/8365/8366/8367/8368/8370/121504/554313/3014/8350/8351/8352/8353/8354/8355/8356/8357/8358/8968"
"R-HSA-977225","Amyloid fiber formation",39,0.547382370074288,1.85989337850783,0.000437834424451175,0.0091103239856956,0.00723224474397082,220,"tags=72%, list=25%, signal=57%","23385/4240/567/8294/8359/8360/8361/8362/8363/8364/8365/8366/8367/8368/8370/121504/554313/3014/8350/8351/8352/8353/8354/8355/8356/8357/8358/8968"
"R-HSA-9821993","Replacement of protamines by nucleosomes in the male pronucleus",17,0.690988728868451,1.94958228111434,0.000624903423787824,0.00930800557123329,0.00738917457547073,206,"tags=88%, list=23%, signal=69%","8294/8359/8360/8361/8362/8363/8364/8365/8366/8367/8368/8370/121504/554313/3014"
"R-HSA-69473","G2/M DNA damage checkpoint",24,0.629714751033687,1.92154594135935,0.000639780080008896,0.00930800557123329,0.00738917457547073,206,"tags=67%, list=23%, signal=53%","7334/8294/8359/8360/8361/8362/8363/8364/8365/8366/8367/8368/8370/121504/554313/3014"
"R-HSA-2990846","SUMOylation",19,0.66456149002001,1.91681043374659,0.000793634386177533,0.00930800557123329,0.00738917457547073,198,"tags=79%, list=22%, signal=63%","4869/8294/8359/8360/8361/8362/8363/8364/8365/8366/8367/8368/8370/121504/554313"
"R-HSA-3108232","SUMO E3 ligases SUMOylate target proteins",19,0.66456149002001,1.91681043374659,0.000793634386177533,0.00930800557123329,0.00738917457547073,198,"tags=79%, list=22%, signal=63%","4869/8294/8359/8360/8361/8362/8363/8364/8365/8366/8367/8368/8370/121504/554313"
"R-HSA-3214847","HATs acetylate histones",32,0.58350951942465,1.91036577613622,0.000906142689117161,0.00930800557123329,0.00738917457547073,220,"tags=78%, list=25%, signal=61%","8607/8294/8359/8360/8361/8362/8363/8364/8365/8366/8367/8368/8370/121504/554313/8350/8351/8352/8353/8354/8355/8356/8357/8358/8968"
"R-HSA-73894","DNA Repair",26,0.609937826054081,1.90191888361987,0.00122117338679428,0.00930800557123329,0.00738917457547073,206,"tags=73%, list=23%, signal=58%","5886/3838/8607/7334/8294/8359/8360/8361/8362/8363/8364/8365/8366/8367/8368/8370/121504/554313/3014"
"R-HSA-110328","Recognition and association of DNA glycosylase with site containing an affected pyrimidine",17,0.673064862232765,1.89901119168541,0.00125597857061004,0.00930800557123329,0.00738917457547073,206,"tags=88%, list=23%, signal=69%","8294/8359/8360/8361/8362/8363/8364/8365/8366/8367/8368/8370/121504/554313/3014"
"R-HSA-110329","Cleavage of the damaged pyrimidine",17,0.673064862232765,1.89901119168541,0.00125597857061004,0.00930800557123329,0.00738917457547073,206,"tags=88%, list=23%, signal=69%","8294/8359/8360/8361/8362/8363/8364/8365/8366/8367/8368/8370/121504/554313/3014"
"R-HSA-110330","Recognition and association of DNA glycosylase with site containing an affected purine",17,0.673064862232765,1.89901119168541,0.00125597857061004,0.00930800557123329,0.00738917457547073,206,"tags=88%, list=23%, signal=69%","8294/8359/8360/8361/8362/8363/8364/8365/8366/8367/8368/8370/121504/554313/3014"
"R-HSA-110331","Cleavage of the damaged purine",17,0.673064862232765,1.89901119168541,0.00125597857061004,0.00930800557123329,0.00738917457547073,206,"tags=88%, list=23%, signal=69%","8294/8359/8360/8361/8362/8363/8364/8365/8366/8367/8368/8370/121504/554313/3014"
"R-HSA-171306","Packaging Of Telomere Ends",17,0.673064862232765,1.89901119168541,0.00125597857061004,0.00930800557123329,0.00738917457547073,206,"tags=88%, list=23%, signal=69%","8294/8359/8360/8361/8362/8363/8364/8365/8366/8367/8368/8370/121504/554313/3014"
"R-HSA-73884","Base Excision Repair",17,0.673064862232765,1.89901119168541,0.00125597857061004,0.00930800557123329,0.00738917457547073,206,"tags=88%, list=23%, signal=69%","8294/8359/8360/8361/8362/8363/8364/8365/8366/8367/8368/8370/121504/554313/3014"
"R-HSA-73927","Depurination",17,0.673064862232765,1.89901119168541,0.00125597857061004,0.00930800557123329,0.00738917457547073,206,"tags=88%, list=23%, signal=69%","8294/8359/8360/8361/8362/8363/8364/8365/8366/8367/8368/8370/121504/554313/3014"
"R-HSA-73928","Depyrimidination",17,0.673064862232765,1.89901119168541,0.00125597857061004,0.00930800557123329,0.00738917457547073,206,"tags=88%, list=23%, signal=69%","8294/8359/8360/8361/8362/8363/8364/8365/8366/8367/8368/8370/121504/554313/3014"
"R-HSA-73929","Base-Excision Repair, AP Site Formation",17,0.673064862232765,1.89901119168541,0.00125597857061004,0.00930800557123329,0.00738917457547073,206,"tags=88%, list=23%, signal=69%","8294/8359/8360/8361/8362/8363/8364/8365/8366/8367/8368/8370/121504/554313/3014"
"R-HSA-1912408","Pre-NOTCH Transcription and Translation",32,0.577486092463204,1.89064553449638,0.00108381540368698,0.00930800557123329,0.00738917457547073,220,"tags=78%, list=25%, signal=61%","8294/8359/8360/8361/8362/8363/8364/8365/8366/8367/8368/8370/121504/554313/3014/8350/8351/8352/8353/8354/8355/8356/8357/8358/8968"
"R-HSA-212300","PRC2 methylates histones and DNA",32,0.577486092463204,1.89064553449638,0.00108381540368698,0.00930800557123329,0.00738917457547073,220,"tags=78%, list=25%, signal=61%","8294/8359/8360/8361/8362/8363/8364/8365/8366/8367/8368/8370/121504/554313/3014/8350/8351/8352/8353/8354/8355/8356/8357/8358/8968"
"R-HSA-2299718","Condensation of Prophase Chromosomes",32,0.577486092463204,1.89064553449638,0.00108381540368698,0.00930800557123329,0.00738917457547073,220,"tags=78%, list=25%, signal=61%","8294/8359/8360/8361/8362/8363/8364/8365/8366/8367/8368/8370/121504/554313/3014/8350/8351/8352/8353/8354/8355/8356/8357/8358/8968"
"R-HSA-427359","SIRT1 negatively regulates rRNA expression",32,0.577486092463204,1.89064553449638,0.00108381540368698,0.00930800557123329,0.00738917457547073,220,"tags=78%, list=25%, signal=61%","8294/8359/8360/8361/8362/8363/8364/8365/8366/8367/8368/8370/121504/554313/3014/8350/8351/8352/8353/8354/8355/8356/8357/8358/8968"
"R-HSA-427389","ERCC6 (CSB) and EHMT2 (G9a) positively regulate rRNA expression",32,0.577486092463204,1.89064553449638,0.00108381540368698,0.00930800557123329,0.00738917457547073,220,"tags=78%, list=25%, signal=61%","8294/8359/8360/8361/8362/8363/8364/8365/8366/8367/8368/8370/121504/554313/3014/8350/8351/8352/8353/8354/8355/8356/8357/8358/8968"
"R-HSA-427413","NoRC negatively regulates rRNA expression",32,0.577486092463204,1.89064553449638,0.00108381540368698,0.00930800557123329,0.00738917457547073,220,"tags=78%, list=25%, signal=61%","8294/8359/8360/8361/8362/8363/8364/8365/8366/8367/8368/8370/121504/554313/3014/8350/8351/8352/8353/8354/8355/8356/8357/8358/8968"
"R-HSA-5250941","Negative epigenetic regulation of rRNA expression",32,0.577486092463204,1.89064553449638,0.00108381540368698,0.00930800557123329,0.00738917457547073,220,"tags=78%, list=25%, signal=61%","8294/8359/8360/8361/8362/8363/8364/8365/8366/8367/8368/8370/121504/554313/3014/8350/8351/8352/8353/8354/8355/8356/8357/8358/8968"
"R-HSA-5334118","DNA methylation",32,0.577486092463204,1.89064553449638,0.00108381540368698,0.00930800557123329,0.00738917457547073,220,"tags=78%, list=25%, signal=61%","8294/8359/8360/8361/8362/8363/8364/8365/8366/8367/8368/8370/121504/554313/3014/8350/8351/8352/8353/8354/8355/8356/8357/8358/8968"
"R-HSA-5617472","Activation of anterior HOX genes in hindbrain development during early embryogenesis",32,0.577486092463204,1.89064553449638,0.00108381540368698,0.00930800557123329,0.00738917457547073,220,"tags=78%, list=25%, signal=61%","8294/8359/8360/8361/8362/8363/8364/8365/8366/8367/8368/8370/121504/554313/3014/8350/8351/8352/8353/8354/8355/8356/8357/8358/8968"
"R-HSA-5619507","Activation of HOX genes during differentiation",32,0.577486092463204,1.89064553449638,0.00108381540368698,0.00930800557123329,0.00738917457547073,220,"tags=78%, list=25%, signal=61%","8294/8359/8360/8361/8362/8363/8364/8365/8366/8367/8368/8370/121504/554313/3014/8350/8351/8352/8353/8354/8355/8356/8357/8358/8968"
"R-HSA-5625886","Activated PKN1 stimulates transcription of AR (androgen receptor) regulated genes KLK2 and KLK3",32,0.577486092463204,1.89064553449638,0.00108381540368698,0.00930800557123329,0.00738917457547073,220,"tags=78%, list=25%, signal=61%","8294/8359/8360/8361/8362/8363/8364/8365/8366/8367/8368/8370/121504/554313/3014/8350/8351/8352/8353/8354/8355/8356/8357/8358/8968"
"R-HSA-73728","RNA Polymerase I Promoter Opening",32,0.577486092463204,1.89064553449638,0.00108381540368698,0.00930800557123329,0.00738917457547073,220,"tags=78%, list=25%, signal=61%","8294/8359/8360/8361/8362/8363/8364/8365/8366/8367/8368/8370/121504/554313/3014/8350/8351/8352/8353/8354/8355/8356/8357/8358/8968"
"R-HSA-73772","RNA Polymerase I Promoter Escape",32,0.577486092463204,1.89064553449638,0.00108381540368698,0.00930800557123329,0.00738917457547073,220,"tags=78%, list=25%, signal=61%","8294/8359/8360/8361/8362/8363/8364/8365/8366/8367/8368/8370/121504/554313/3014/8350/8351/8352/8353/8354/8355/8356/8357/8358/8968"
"R-HSA-73854","RNA Polymerase I Promoter Clearance",32,0.577486092463204,1.89064553449638,0.00108381540368698,0.00930800557123329,0.00738917457547073,220,"tags=78%, list=25%, signal=61%","8294/8359/8360/8361/8362/8363/8364/8365/8366/8367/8368/8370/121504/554313/3014/8350/8351/8352/8353/8354/8355/8356/8357/8358/8968"
"R-HSA-912446","Meiotic recombination",32,0.577486092463204,1.89064553449638,0.00108381540368698,0.00930800557123329,0.00738917457547073,220,"tags=78%, list=25%, signal=61%","8294/8359/8360/8361/8362/8363/8364/8365/8366/8367/8368/8370/121504/554313/3014/8350/8351/8352/8353/8354/8355/8356/8357/8358/8968"
"R-HSA-9616222","Transcriptional regulation of granulopoiesis",32,0.577486092463204,1.89064553449638,0.00108381540368698,0.00930800557123329,0.00738917457547073,220,"tags=78%, list=25%, signal=61%","8294/8359/8360/8361/8362/8363/8364/8365/8366/8367/8368/8370/121504/554313/3014/8350/8351/8352/8353/8354/8355/8356/8357/8358/8968"
"R-HSA-9710421","Defective pyroptosis",32,0.577486092463204,1.89064553449638,0.00108381540368698,0.00930800557123329,0.00738917457547073,220,"tags=78%, list=25%, signal=61%","8294/8359/8360/8361/8362/8363/8364/8365/8366/8367/8368/8370/121504/554313/3014/8350/8351/8352/8353/8354/8355/8356/8357/8358/8968"
"R-HSA-9821002","Chromatin modifications during the maternal to zygotic transition (MZT)",32,0.577486092463204,1.89064553449638,0.00108381540368698,0.00930800557123329,0.00738917457547073,220,"tags=78%, list=25%, signal=61%","8294/8359/8360/8361/8362/8363/8364/8365/8366/8367/8368/8370/121504/554313/3014/8350/8351/8352/8353/8354/8355/8356/8357/8358/8968"
"R-HSA-9843940","Regulation of endogenous retroelements by KRAB-ZFP proteins",32,0.577486092463204,1.89064553449638,0.00108381540368698,0.00930800557123329,0.00738917457547073,220,"tags=78%, list=25%, signal=61%","8294/8359/8360/8361/8362/8363/8364/8365/8366/8367/8368/8370/121504/554313/3014/8350/8351/8352/8353/8354/8355/8356/8357/8358/8968"
"R-HSA-9843970","Regulation of endogenous retroelements by the Human Silencing Hub (HUSH) complex",32,0.577486092463204,1.89064553449638,0.00108381540368698,0.00930800557123329,0.00738917457547073,220,"tags=78%, list=25%, signal=61%","8294/8359/8360/8361/8362/8363/8364/8365/8366/8367/8368/8370/121504/554313/3014/8350/8351/8352/8353/8354/8355/8356/8357/8358/8968"
"R-HSA-9816359","Maternal to zygotic transition (MZT)",37,0.56012536748839,1.8877774303769,0.000675481836416763,0.00930800557123329,0.00738917457547073,220,"tags=76%, list=25%, signal=59%","1975/26986/1974/8294/8359/8360/8361/8362/8363/8364/8365/8366/8367/8368/8370/121504/554313/3014/8350/8351/8352/8353/8354/8355/8356/8357/8358/8968"
"R-HSA-212165","Epigenetic regulation of gene expression",36,0.558956659300389,1.87184021088928,0.000565832217936392,0.00930800557123329,0.00738917457547073,220,"tags=72%, list=25%, signal=57%","948/8294/8359/8360/8361/8362/8363/8364/8365/8366/8367/8368/8370/121504/554313/3014/8350/8351/8352/8353/8354/8355/8356/8357/8358/8968"
"R-HSA-211000","Gene Silencing by RNA",34,0.565256671358778,1.86342536685472,0.000933450385794559,0.00930800557123329,0.00738917457547073,220,"tags=76%, list=25%, signal=60%","5901/8294/8359/8360/8361/8362/8363/8364/8365/8366/8367/8368/8370/121504/554313/3014/8350/8351/8352/8353/8354/8355/8356/8357/8358/8968"
"R-HSA-201722","Formation of the beta-catenin:TCF transactivating complex",34,0.563475961582453,1.85755507830025,0.00104046880250006,0.00930800557123329,0.00738917457547073,220,"tags=76%, list=25%, signal=60%","8607/8294/8359/8360/8361/8362/8363/8364/8365/8366/8367/8368/8370/121504/554313/3014/8350/8351/8352/8353/8354/8355/8356/8357/8358/8968"
"R-HSA-8936459","RUNX1 regulates genes involved in megakaryocyte differentiation and platelet function",33,0.561298478744701,1.84463001050949,0.00074416107379244,0.00930800557123329,0.00738917457547073,220,"tags=76%, list=25%, signal=59%","8294/8359/8360/8361/8362/8363/8364/8365/8366/8367/8368/8370/121504/554313/3014/8350/8351/8352/8353/8354/8355/8356/8357/8358/8968"
"R-HSA-68616","Assembly of the ORC complex at the origin of replication",33,0.560805732355054,1.84301066748197,0.00074416107379244,0.00930800557123329,0.00738917457547073,220,"tags=76%, list=25%, signal=59%","8294/8359/8360/8361/8362/8363/8364/8365/8366/8367/8368/8370/121504/554313/3014/8350/8351/8352/8353/8354/8355/8356/8357/8358/8968"
"R-HSA-68875","Mitotic Prophase",38,0.541445417433693,1.83138566919704,0.00112015120977613,0.00930800557123329,0.00738917457547073,220,"tags=71%, list=25%, signal=56%","5518/5594/8294/8359/8360/8361/8362/8363/8364/8365/8366/8367/8368/8370/121504/554313/3014/8350/8351/8352/8353/8354/8355/8356/8357/8358/8968"
"R-HSA-9842860","Regulation of endogenous retroelements",33,0.557006733455007,1.83052578172815,0.000887037197578398,0.00930800557123329,0.00738917457547073,220,"tags=76%, list=25%, signal=59%","8294/8359/8360/8361/8362/8363/8364/8365/8366/8367/8368/8370/121504/554313/3014/8350/8351/8352/8353/8354/8355/8356/8357/8358/8968"
"R-HSA-9845323","Regulation of endogenous retroelements by Piwi-interacting RNAs (piRNAs)",33,0.557006733455007,1.83052578172815,0.000887037197578398,0.00930800557123329,0.00738917457547073,220,"tags=76%, list=25%, signal=59%","8294/8359/8360/8361/8362/8363/8364/8365/8366/8367/8368/8370/121504/554313/3014/8350/8351/8352/8353/8354/8355/8356/8357/8358/8968"
"R-HSA-1474165","Reproduction",35,0.54584380516317,1.8198057411588,0.000985620485736694,0.00930800557123329,0.00738917457547073,244,"tags=77%, list=27%, signal=58%","928/8294/8359/8360/8361/8362/8363/8364/8365/8366/8367/8368/8370/121504/554313/3014/8350/8351/8352/8353/8354/8355/8356/8357/8358/8968/3306"
"R-HSA-9909649","Regulation of PD-L1(CD274) transcription",33,0.552152734130776,1.81457378263402,0.00112516479201294,0.00930800557123329,0.00738917457547073,220,"tags=76%, list=25%, signal=59%","8294/8359/8360/8361/8362/8363/8364/8365/8366/8367/8368/8370/121504/554313/3014/8350/8351/8352/8353/8354/8355/8356/8357/8358/8968"
"R-HSA-195258","RHO GTPase Effectors",94,0.427448897938181,1.68073195687142,0.0011844250689543,0.00930800557123329,0.00738917457547073,290,"tags=53%, list=33%, signal=40%","7846/6280/10726/2885/10092/752/387/5216/5518/5594/8294/8359/8360/8361/8362/8363/8364/8365/8366/8367/8368/8370/121504/554313/30851/3014/8350/8351/8352/8353/8354/8355/8356/8357/8358/8968/4627/801/805/808/1729/1778/389/10376/10109/7532/1072/60/3020/3021"
"R-HSA-3247509","Chromatin modifying enzymes",36,0.540602062478517,1.81037413509577,0.00130112392074233,0.00938544054828803,0.00745064645140873,220,"tags=72%, list=25%, signal=57%","8607/8294/8359/8360/8361/8362/8363/8364/8365/8366/8367/8368/8370/121504/554313/3014/8350/8351/8352/8353/8354/8355/8356/8357/8358/8968"
"R-HSA-4839726","Chromatin organization",36,0.540602062478517,1.81037413509577,0.00130112392074233,0.00938544054828803,0.00745064645140873,220,"tags=72%, list=25%, signal=57%","8607/8294/8359/8360/8361/8362/8363/8364/8365/8366/8367/8368/8370/121504/554313/3014/8350/8351/8352/8353/8354/8355/8356/8357/8358/8968"
"R-HSA-2559586","DNA Damage/Telomere Stress Induced Senescence",18,0.646453584807775,1.84921685391277,0.0013730236230356,0.00977376026397712,0.00775891465648928,235,"tags=89%, list=26%, signal=67%","8294/8359/8360/8361/8362/8363/8364/8365/8366/8367/8368/8370/121504/554313/3014/3159"
"R-HSA-8939211","ESR-mediated signaling",54,0.483600439553118,1.74981209333777,0.00147280334084417,0.0103478780181389,0.008214678920908,241,"tags=63%, list=27%, signal=49%","3838/1509/4893/10728/5594/8294/8359/8360/8361/8362/8363/8364/8365/8366/8367/8368/8370/121504/554313/3014/8350/8351/8352/8353/8354/8355/8356/8357/8358/8968/2782/801/805/808"
"R-HSA-5250913","Positive epigenetic regulation of rRNA expression",34,0.549471015710841,1.81138636818869,0.00175662338668118,0.0118791656524315,0.00943029397060422,315,"tags=88%, list=35%, signal=59%","8294/8359/8360/8361/8362/8363/8364/8365/8366/8367/8368/8370/121504/554313/3014/8350/8351/8352/8353/8354/8355/8356/8357/8358/8968/60/3020/3021/94239/4641"
"R-HSA-5250924","B-WICH complex positively regulates rRNA expression",34,0.549471015710841,1.81138636818869,0.00175662338668118,0.0118791656524315,0.00943029397060422,315,"tags=88%, list=35%, signal=59%","8294/8359/8360/8361/8362/8363/8364/8365/8366/8367/8368/8370/121504/554313/3014/8350/8351/8352/8353/8354/8355/8356/8357/8358/8968/60/3020/3021/94239/4641"
"R-HSA-2559580","Oxidative Stress Induced Senescence",35,0.534638169516195,1.78244692185773,0.00174654321837869,0.0118791656524315,0.00943029397060422,220,"tags=74%, list=25%, signal=58%","5594/8294/8359/8360/8361/8362/8363/8364/8365/8366/8367/8368/8370/121504/554313/3014/8350/8351/8352/8353/8354/8355/8356/8357/8358/8968"
"R-HSA-73886","Chromosome Maintenance",22,0.618994687188917,1.8519642074986,0.00211348924090618,0.0141160207324722,0.0112060248250776,308,"tags=95%, list=35%, signal=64%","8607/4869/8294/8359/8360/8361/8362/8363/8364/8365/8366/8367/8368/8370/121504/554313/3014/3020/3021/10856/94239"
"R-HSA-157579","Telomere Maintenance",21,0.614747576173914,1.82142660092156,0.00242918463397087,0.0160266937436371,0.0127228155412082,308,"tags=95%, list=35%, signal=64%","8607/8294/8359/8360/8361/8362/8363/8364/8365/8366/8367/8368/8370/121504/554313/3014/3020/3021/10856/94239"
"R-HSA-1500620","Meiosis",34,0.53845646245891,1.77507578757249,0.00285811286035891,0.0186293862343876,0.0147889669882871,244,"tags=76%, list=27%, signal=58%","8294/8359/8360/8361/8362/8363/8364/8365/8366/8367/8368/8370/121504/554313/3014/8350/8351/8352/8353/8354/8355/8356/8357/8358/8968/3306"
"R-HSA-2559583","Cellular Senescence",37,0.514332567073938,1.73344302577068,0.0039880423623787,0.0256848918815104,0.0203899910256956,235,"tags=73%, list=26%, signal=56%","5594/8294/8359/8360/8361/8362/8363/8364/8365/8366/8367/8368/8370/121504/554313/3014/8350/8351/8352/8353/8354/8355/8356/8357/8358/8968/3159"
"R-HSA-9006931","Signaling by Nuclear Receptors",58,0.452257204954962,1.6628004051114,0.0045235401583846,0.0287910026551302,0.0228557818528906,241,"tags=59%, list=27%, signal=46%","3838/1509/4893/10728/5594/8294/8359/8360/8361/8362/8363/8364/8365/8366/8367/8368/8370/121504/554313/3014/8350/8351/8352/8353/8354/8355/8356/8357/8358/8968/2782/801/805/808"
"R-HSA-9609690","HCMV Early Events",42,0.501412094581803,1.73215250138037,0.00460105492242056,0.0289438455003433,0.0229771163812434,220,"tags=60%, list=25%, signal=47%","7846/8294/8359/8360/8361/8362/8363/8364/8365/8366/8367/8368/8370/121504/554313/8350/8351/8352/8353/8354/8355/8356/8357/8358/8968"
"R-HSA-5625740","RHO GTPases activate PKNs",46,0.494458673902486,1.73898542164173,0.00469216197302739,0.0291776968667565,0.0231627596490644,290,"tags=67%, list=33%, signal=48%","387/8294/8359/8360/8361/8362/8363/8364/8365/8366/8367/8368/8370/121504/554313/3014/8350/8351/8352/8353/8354/8355/8356/8357/8358/8968/4627/389/7532/3020/3021"
"R-HSA-194315","Signaling by Rho GTPases",139,0.370931868245738,1.52162988123041,0.00636518327111363,0.0391314107917327,0.0310645307968225,290,"tags=45%, list=33%, signal=36%","7846/4162/6280/23513/9322/10726/2885/3728/10092/752/387/5216/7171/6709/284119/5756/8773/5518/5594/8294/8359/8360/8361/8362/8363/8364/8365/8366/8367/8368/8370/121504/554313/30851/3014/8350/8351/8352/8353/8354/8355/8356/8357/8358/8968/4627/10963/801/805/808/1729/1778/396/389/7879/10376/10109/7532/1072/60/3020/3021"
"R-HSA-3000157","Laminin interactions",13,-0.615166088002416,-1.87845459308245,0.0065961852339769,0.0396504023509056,0.0314765330463459,185,"tags=69%, list=21%, signal=56%","3675/3685/3673/3691/3655/3339/3915/3688/3913"
"R-HSA-9670095","Inhibition of DNA recombination at telomere",19,0.606344901599954,1.74889494996294,0.00654669360788573,0.0396504023509056,0.0314765330463459,308,"tags=95%, list=35%, signal=63%","8294/8359/8360/8361/8362/8363/8364/8365/8366/8367/8368/8370/121504/554313/3014/3020/3021/94239"
"R-HSA-9918481","Dengue Virus-Host Interactions",58,0.439172483022657,1.61469220320453,0.00667328249500321,0.0396730310966675,0.031494496911062,220,"tags=55%, list=25%, signal=44%","11338/3184/6382/5094/6141/1654/6385/8294/8359/8360/8361/8362/8363/8364/8365/8366/8367/8368/8370/121504/554313/5725/8350/8351/8352/8353/8354/8355/8356/8357/8358/8968"
"R-HSA-1221632","Meiotic synapsis",19,0.602217988653305,1.73699159727986,0.00737145781430926,0.0433473769297968,0.0344113820164551,244,"tags=84%, list=27%, signal=63%","8294/8359/8360/8361/8362/8363/8364/8365/8366/8367/8368/8370/121504/554313/3014/3306"
"R-HSA-216083","Integrin cell surface interactions",21,-0.51931866479355,-1.86623490287917,0.00761284116317788,0.0442854523578412,0.0351560746415005,185,"tags=52%, list=21%, signal=43%","3675/3685/682/3673/375790/3655/2335/3339/3688/960/961"
